id,title,language,content_length,word_count,categories,infobox,created_at,url
1,The Loner (TV series),en,11901,1804,"[""Articles_with_short_description"", ""Short_description_matches_Wikidata"", ""Use_mdy_dates_from_March_2025"", ""Commons_category_link_from_Wikidata"", ""1960s_Western_(genre)_television_series"", ""1965_American_television_series_debuts"", ""1966_American_television_series_endings"", ""Black-and-white_American_television_shows"", ""CBS_television_dramas"", ""Television_series_by_20th_Century_Fox_Television"", ""Television_series_created_by_Rod_Serling""]",,2025-11-29 21:03:28,https://en.wikipedia.org/wiki/The_Loner_(TV_series)
2,She's a Hottie,en,5662,923,"[""CS1:_unfit_URL"", ""Articles_with_short_description"", ""Short_description_matches_Wikidata"", ""Articles_with_hAudio_microformats"", ""Single_chart_usages_for_Billboardcountrysongs"", ""Single_chart_called_without_song"", ""Single_chart_usages_for_Billboardhot100"", ""Single_chart_usages_for_Billboardcanadacountry"", ""Single_chart_usages_for_Canada"", ""Certification_Table_Entry_usages_for_United_States"", ""Pages_using_certification_Table_Entry_with_streaming_figures"", ""Pages_using_certification_Table_Entry_with_streaming_footnote"", ""2008_singles"", ""2008_songs"", ""Toby_Keith_songs"", ""Songs_written_by_Bobby_Pinson"", ""Songs_written_by_Toby_Keith"", ""Show_Dog-Universal_Music_singles""]",,2025-11-29 21:03:30,https://en.wikipedia.org/wiki/She's_a_Hottie
3,Point of No Return (TV series),en,5928,992,"[""Articles_lacking_sources_from_November_2012"", ""All_articles_lacking_sources"", ""Articles_with_short_description"", ""Short_description_is_different_from_Wikidata"", ""TVB_dramas"", ""2003_Hong_Kong_television_series_debuts"", ""2003_Hong_Kong_television_series_endings""]",,2025-11-29 21:03:31,https://en.wikipedia.org/wiki/Point_of_No_Return_(TV_series)
610,Underwater exploration,en,70564,9767,"[""Articles_with_short_description"", ""Short_description_matches_Wikidata"", ""Articles_to_be_expanded_from_February_2023"", ""All_articles_to_be_expanded"", ""Articles_with_empty_sections_from_February_2023"", ""All_articles_with_empty_sections"", ""Underwater_work"", ""Exploration""]",,2025-11-29 22:41:19,https://en.wikipedia.org/wiki/Underwater_exploration
612,Adati,en,15214,2141,"[""Pages_using_gadget_WikiMiniAtlas"", ""CS1_uses_Japanese-language_script_(ja)"", ""Articles_with_short_description"", ""Short_description_is_different_from_Wikidata"", ""Use_American_English_from_March_2023"", ""All_Wikipedia_articles_written_in_American_English"", ""Use_mdy_dates_from_March_2023"", ""Articles_containing_Japanese-language_text"", ""Coordinates_on_Wikidata"", ""All_articles_with_unsourced_statements"", ""Articles_with_unsourced_statements_from_October_2011"", ""Articles_needing_additional_references_from_January_2013"", ""All_articles_needing_additional_references"", ""Commons_category_link_from_Wikidata"", ""Articles_with_Japanese-language_sources_(ja)"", ""Adachi,_Tokyo"", ""Wards_of_Tokyo""]",,2025-11-29 22:41:49,https://en.wikipedia.org/wiki/Adati
613,Henry Draper Catalog,en,11743,1821,"[""Webarchive_template_wayback_links"", ""Articles_with_short_description"", ""Short_description_matches_Wikidata"", ""Articles_using_Infobox_astronomical_survey_using_locally_defined_parameters"", ""Astronomical_catalogues_of_stars"", ""Henry_Draper_Catalogue_objects"", ""1910s_books"", ""1920s_books"", ""1930s_books"", ""1940s_books""]",,2025-11-29 22:41:54,https://en.wikipedia.org/wiki/Henry_Draper_Catalog
616,The World Is Not Enough,en,39596,6391,"[""Webarchive_template_wayback_links"", ""Articles_with_short_description"", ""Short_description_is_different_from_Wikidata"", ""Good_articles"", ""Use_dmy_dates_from_February_2020"", ""Use_British_English_from_March_2016"", ""All_Wikipedia_articles_written_in_British_English"", ""1999_films"", ""Template_film_date_with_3_release_dates"", ""Commons_category_link_is_on_Wikidata"", ""Official_website_different_in_Wikidata_and_Wikipedia"", ""Rotten_Tomatoes_ID_same_as_Wikidata"", ""1999_action_thriller_films"", ""1990s_adventure_films"", ""1990s_British_films"", ""1990s_English-language_films"", ""1990s_spy_films"", ""British_sequel_films"", ""British_action_thriller_films"", ""American_sequel_films"", ""American_action_thriller_films"", ""Eon_Productions_films"", ""Films_about_nuclear_war_and_weapons"", ""Films_about_patricide"", ""Films_about_terrorism"", ""Films_directed_by_Michael_Apted"", ""Films_produced_by_Barbara_Broccoli"", ""Films_produced_by_Michael_G._Wilson"", ""Films_scored_by_David_Arnold"", ""Films_set_in_1999"", ""Films_set_in_Baku"", ""Films_set_in_Istanbul"", ""Films_set_in_Kazakhstan"", ""Films_set_in_London"", ""Films_set_in_Scotland"", ""Films_set_in_Spain"", ""Films_set_in_Bilbao"", ""Films_shot_at_Pinewood_Studios"", ""Films_shot_in_Azerbaijan"", ""Films_shot_in_Bedfordshire"", ""Films_shot_in_Bilbao"", ""Films_shot_in_Istanbul"", ""Films_shot_in_Spain"", ""Films_shot_in_Wales"", ""Films_with_screenplays_by_Bruce_Feirstein"", ""Films_with_screenplays_by_Neal_Purvis_and_Robert_Wade"", ""Golden_Raspberry_Award\u2013winning_films"", ""James_Bond_films"", ""Metro-Goldwyn-Mayer_films"", ""United_Artists_films"", ""Skiing_films"", ""Submarine_films"", ""The_World_Is_Not_Enough"", ""English-language_action_adventure_films"", ""English-language_action_thriller_films"", ""United_International_Pictures_films""]",,2025-11-29 22:42:04,https://en.wikipedia.org/wiki/The_World_Is_Not_Enough
618,Bolesław II the Generous,en,15965,2450,"[""Pages_using_the_Phonos_extension"", ""CS1_Polish-language_sources_(pl)"", ""Wikipedia_articles_incorporating_a_citation_from_the_1911_Encyclopaedia_Britannica_with_Wikisource_reference"", ""Articles_with_short_description"", ""Short_description_is_different_from_Wikidata"", ""Articles_needing_additional_references_from_December_2015"", ""All_articles_needing_additional_references"", ""Articles_containing_Polish-language_text"", ""Articles_with_specifically_marked_weasel-worded_phrases_from_October_2013"", ""1040s_births"", ""1080s_deaths"", ""11th-century_Polish_monarchs"", ""Kings_of_Poland"", ""Dukes_of_Poland"", ""People_of_Byzantine_descent""]",,2025-11-29 22:42:23,https://en.wikipedia.org/wiki/Bolesław_II_the_Generous
620,Ismat Gayibov,en,1763,256,"[""CS1_Russian-language_sources_(ru)"", ""Articles_with_short_description"", ""Short_description_is_different_from_Wikidata"", ""Articles_containing_Azerbaijani-language_text"", ""1942_births"", ""1991_deaths"", ""Political_office-holders_in_Azerbaijan"", ""Prosecutors_General_of_Azerbaijan"", ""Prosecutors_of_the_Azerbaijan_Soviet_Socialist_Republic"", ""20th-century_Azerbaijani_lawyers"", ""Victims_of_aircraft_shootdowns"", ""Jurists_from_Ganja,_Azerbaijan"", ""All_stub_articles"", ""Azerbaijani_politician_stubs"", ""Azerbaijani_people_stubs"", ""Victims_of_aviation_accidents_or_incidents_in_Azerbaijan"", ""Victims_of_aviation_accidents_or_incidents_in_1991""]",,2025-11-29 22:42:42,https://en.wikipedia.org/wiki/Ismat_Gayibov
621,Deep-focus earthquake,en,16069,2350,"[""Wikipedia_articles_needing_page_number_citations_from_December_2019"", ""Articles_with_short_description"", ""Short_description_matches_Wikidata"", ""All_articles_with_specifically_marked_weasel-worded_phrases"", ""Articles_with_specifically_marked_weasel-worded_phrases_from_May_2015"", ""Articles_using_Mw_magnitude_scale"", ""Plate_tectonics"", ""Types_of_earthquake""]",,2025-11-29 22:42:43,https://en.wikipedia.org/wiki/Deep-focus_earthquake
622,Volcanoes of Kamchatka,en,26795,3607,"[""Articles_with_short_description"", ""Short_description_is_different_from_Wikidata"", ""Articles_needing_additional_references_from_December_2010"", ""All_articles_needing_additional_references"", ""Pages_using_gadget_WikiMiniAtlas"", ""Commons_category_link_is_on_Wikidata"", ""Webarchive_template_wayback_links"", ""Volcanoes_of_the_Kamchatka_Peninsula"", ""Volcanoes_of_Kamchatka_Krai"", ""Landforms_of_the_Kamchatka_Peninsula"", ""World_Heritage_Sites_in_Russia"", ""Pages_using_the_Kartographer_extension""]",,2025-11-29 22:42:49,https://en.wikipedia.org/wiki/Volcanoes_of_Kamchatka
623,List of Solar System extremes,en,23199,3339,"[""CS1_errors:_periodical_ignored"", ""Webarchive_template_wayback_links"", ""Articles_with_short_description"", ""Short_description_is_different_from_Wikidata"", ""Incomplete_lists_from_October_2015"", ""Solar_System"", ""Lists_of_superlatives_in_astronomy"", ""Lists_of_superlatives"", ""Solar_System-related_lists"", ""Lists_of_extreme_points""]",,2025-11-29 22:42:58,https://en.wikipedia.org/wiki/List_of_Solar_System_extremes
624,Robert Kalina,en,1362,197,"[""CS1_maint:_archived_copy_as_title"", ""Articles_with_short_description"", ""Short_description_is_different_from_Wikidata"", ""Articles_with_hCards"", ""Pages_using_infobox_person_with_deprecated_parameters"", ""Commons_category_link_from_Wikidata"", ""Austrian_designers"", ""Currency_designers"", ""1955_births"", ""Living_people"", ""All_stub_articles"", ""Austrian_people_stubs""]",,2025-11-29 22:43:14,https://en.wikipedia.org/wiki/Robert_Kalina
625,Burjassot,en,5277,691,"[""Pages_using_gadget_WikiMiniAtlas"", ""Use_dmy_dates_from_July_2024"", ""Articles_with_short_description"", ""Short_description_is_different_from_Wikidata"", ""Articles_containing_Valencian-language_text"", ""Articles_containing_Spanish-language_text"", ""Coordinates_on_Wikidata"", ""Pages_using_infobox_settlement_with_possible_demonym_list"", ""Official_website_different_in_Wikidata_and_Wikipedia"", ""Pages_with_Valencian_IPA"", ""Pages_with_Spanish_IPA"", ""Articles_needing_more_detailed_references"", ""Commons_category_link_from_Wikidata"", ""Municipalities_in_the_Province_of_Valencia"", ""Horta_Nord"", ""All_stub_articles"", ""Valencian_Community_geography_stubs""]",,2025-11-29 22:43:15,https://en.wikipedia.org/wiki/Burjassot
626,Shield volcano,en,29602,4518,"[""CS1:_long_volume_value"", ""Articles_with_short_description"", ""Short_description_is_different_from_Wikidata"", ""Commons_category_link_is_on_Wikidata"", ""Shield_volcanoes"", ""Volcanic_landforms""]",,2025-11-29 22:43:19,https://en.wikipedia.org/wiki/Shield_volcano
627,Ancus Marcius,en,9925,1495,"[""CS1_errors:_ISBN_date"", ""Wikipedia_articles_incorporating_a_citation_from_the_1911_Encyclopaedia_Britannica_with_Wikisource_reference"", ""Wikipedia_articles_incorporating_text_from_the_1911_Encyclop\u00e6dia_Britannica"", ""Articles_with_short_description"", ""Short_description_is_different_from_Wikidata"", ""Pages_with_Classical_Latin_IPA"", ""670s_BC_births"", ""610s_BC_deaths"", ""7th-century_BC_Romans"", ""7th-century_BC_monarchs"", ""Characters_in_Book_VI_of_the_Aeneid"", ""Kings_of_Rome"", ""Marcii"", ""Year_of_birth_unknown""]",,2025-11-29 22:43:23,https://en.wikipedia.org/wiki/Ancus_Marcius
628,Water supply and sanitation in Indonesia,en,51529,7545,"[""Webarchive_template_wayback_links"", ""All_articles_with_dead_external_links"", ""Articles_with_dead_external_links_from_August_2025"", ""Articles_with_permanently_dead_external_links"", ""Articles_with_short_description"", ""Short_description_matches_Wikidata"", ""Wikipedia_articles_with_style_issues_from_November_2020"", ""All_articles_with_style_issues"", ""Water_supply_and_sanitation_in_Indonesia"", ""Infrastructure_in_Indonesia"", ""Economy_of_Indonesia"", ""Decentralization""]",,2025-11-29 22:43:27,https://en.wikipedia.org/wiki/Water_supply_and_sanitation_in_Indonesia
629,Thai temple art and architecture,en,15367,2218,"[""Articles_with_short_description"", ""Short_description_matches_Wikidata"", ""Articles_needing_additional_references_from_March_2021"", ""All_articles_needing_additional_references"", ""Articles_containing_Thai-language_text"", ""Wikipedia_articles_needing_clarification_from_May_2019"", ""Commons_category_link_is_on_Wikidata"", ""Thai_Buddhist_temples"", ""Thai_Buddhist_art_and_architecture"", ""Architecture_in_Thailand"", ""Traditional_Thai_architecture"", ""Buddhist_architecture""]",,2025-11-29 22:43:32,https://en.wikipedia.org/wiki/Thai_temple_art_and_architecture
631,Timeline of Slovenian history,en,28970,4521,"[""CS1_errors:_periodical_ignored"", ""Articles_with_short_description"", ""Short_description_with_empty_Wikidata_description"", ""Use_dmy_dates_from_August_2022"", ""Articles_to_be_expanded_from_January_2012"", ""All_articles_to_be_expanded"", ""Articles_with_empty_sections_from_January_2012"", ""All_articles_with_empty_sections"", ""Articles_containing_Latin-language_text"", ""Articles_containing_Slovene-language_text"", ""Timelines_by_country"", ""Slovenia_history-related_lists"", ""Years_in_Slovenia""]",,2025-11-29 22:43:41,https://en.wikipedia.org/wiki/Timeline_of_Slovenian_history
632,"John McFall, Baron McFall of Alcluith",en,10839,1650,"[""CS1:_unfit_URL"", ""Articles_with_short_description"", ""Short_description_is_different_from_Wikidata"", ""Use_British_English_from_August_2014"", ""All_Wikipedia_articles_written_in_British_English"", ""Use_dmy_dates_from_October_2025"", ""Webarchive_template_wayback_links"", ""1944_births"", ""Living_people"", ""People_from_Dumbarton"", ""Nobility_from_West_Dunbartonshire"", ""Scottish_people_of_Irish_descent"", ""Alumni_of_the_Open_University"", ""Alumni_of_Strathclyde_Business_School"", ""Alumni_of_the_University_of_the_West_of_Scotland"", ""Labour_Co-operative_MPs_for_Scottish_constituencies"", ""Members_of_the_Privy_Council_of_the_United_Kingdom"", ""Scottish_Roman_Catholics"", ""Scottish_schoolteachers"", ""UK_MPs_1987\u20131992"", ""UK_MPs_1992\u20131997"", ""UK_MPs_1997\u20132001"", ""UK_MPs_2001\u20132005"", ""UK_MPs_2005\u20132010"", ""Labour_Co-operative_life_peers"", ""Life_peers_created_by_Elizabeth_II"", ""Lords_Speaker""]",,2025-11-29 22:43:47,"https://en.wikipedia.org/wiki/John_McFall,_Baron_McFall_of_Alcluith"
633,Diamantaire,en,1355,197,"[""Articles_with_short_description"", ""Short_description_is_different_from_Wikidata"", ""Articles_needing_additional_references_from_January_2017"", ""All_articles_needing_additional_references"", ""Jewellery_making"", ""All_stub_articles"", ""Mineralogy_stubs"", ""Petrology_stubs""]",,2025-11-29 22:43:49,https://en.wikipedia.org/wiki/Diamantaire
634,Education in Cyprus,en,10792,1275,"[""Articles_with_short_description"", ""Short_description_is_different_from_Wikidata"", ""Free-content_attribution"", ""Free_content_from_UNESCO"", ""Education_in_Cyprus"", ""School_systems""]",,2025-11-29 22:43:50,https://en.wikipedia.org/wiki/Education_in_Cyprus
635,Copyright policies of academic publishers,en,6832,985,"[""Articles_with_short_description"", ""Short_description_with_empty_Wikidata_description"", ""Copyright_law"", ""Academic_publishing""]",,2025-11-29 22:43:54,https://en.wikipedia.org/wiki/Copyright_policies_of_academic_publishers
637,Law enforcement in Lebanon,en,9362,1264,"[""CS1_maint:_archived_copy_as_title"", ""Articles_with_short_description"", ""Short_description_matches_Wikidata"", ""Articles_needing_additional_references_from_August_2021"", ""All_articles_needing_additional_references"", ""Short_description_is_different_from_Wikidata"", ""Articles_containing_French-language_text"", ""Articles_containing_Arabic-language_text"", ""Law_enforcement_agencies_of_Lebanon"", ""1861_establishments_in_the_Ottoman_Empire"", ""National_police_forces"", ""Gendarmerie""]",,2025-11-29 22:43:58,https://en.wikipedia.org/wiki/Law_enforcement_in_Lebanon
638,Kingdom of Majorca,en,8073,1273,"[""Articles_containing_Catalan-language_text"", ""Pages_with_Catalan_IPA"", ""Articles_containing_Spanish-language_text"", ""Articles_containing_Latin-language_text"", ""Articles_containing_French-language_text"", ""Articles_with_short_description"", ""Short_description_is_different_from_Wikidata"", ""Articles_needing_additional_references_from_March_2009"", ""All_articles_needing_additional_references"", ""Articles_with_Spanish-language_sources_(es)"", ""Spain_articles_missing_geocoordinate_data"", ""All_articles_needing_coordinates"", ""Articles_missing_coordinates_with_coordinates_on_Wikidata"", ""Kingdom_of_Majorca"", ""Former_Christian_states"", ""Territories_of_the_Crown_of_Aragon"", ""History_of_the_Balearic_Islands"", ""Former_countries_in_Europe"", ""Former_kingdoms"", ""Former_monarchies_of_Europe"", ""Island_countries"", ""States_and_territories_established_in_1231"", ""States_and_territories_disestablished_in_1715"", ""1231_establishments_in_Europe"", ""1715_disestablishments_in_Spain"", ""13th-century_establishments_in_Aragon""]",,2025-11-29 22:44:02,https://en.wikipedia.org/wiki/Kingdom_of_Majorca
639,Agriculture in Indonesia,en,37669,5478,"[""CS1_Indonesian-language_sources_(id)"", ""CS1:_unfit_URL"", ""CS1_errors:_missing_periodical"", ""Articles_with_short_description"", ""Short_description_is_different_from_Wikidata"", ""Articles_with_excerpts"", ""Commons_category_link_from_Wikidata"", ""Agriculture_in_Indonesia""]",,2025-11-29 22:44:05,https://en.wikipedia.org/wiki/Agriculture_in_Indonesia
640,Central Rada,en,39562,5775,"[""Articles_with_Russian-language_sources_(ru)"", ""Articles_with_Ukrainian-language_sources_(uk)"", ""Pages_using_gadget_WikiMiniAtlas"", ""Articles_with_short_description"", ""Short_description_is_different_from_Wikidata"", ""Articles_containing_Ukrainian-language_text"", ""All_articles_with_unsourced_statements"", ""Articles_with_unsourced_statements_from_February_2024"", ""Copy_to_Wikisource"", ""Interlanguage_link_template_forcing_interwiki_links"", ""Articles_needing_additional_references_from_February_2024"", ""All_articles_needing_additional_references"", ""All_articles_with_dead_external_links"", ""Articles_with_dead_external_links_from_November_2023"", ""Articles_with_permanently_dead_external_links"", ""Coordinates_not_on_Wikidata"", ""Central_Council_of_Ukraine"", ""Ukrainian_People's_Republic"", ""Defunct_unicameral_legislatures"", ""History_of_Kyiv"", ""Organizations_of_the_Russian_Revolution"", ""Political_history_of_Ukraine"", ""Russian_Revolution_in_Ukraine"", ""Ukrainian_independence_movement"", ""1917_establishments_in_Ukraine"", ""1918_disestablishments_in_Ukraine""]",,2025-11-29 22:44:10,https://en.wikipedia.org/wiki/Central_Rada
641,The Life and Adventures of Nicholas Nickleby (1947 film),en,13529,2179,"[""Articles_with_short_description"", ""Short_description_matches_Wikidata"", ""Use_dmy_dates_from_August_2021"", ""Use_British_English_from_June_2012"", ""All_Wikipedia_articles_written_in_British_English"", ""1947_films"", ""Template_film_date_with_1_release_date"", ""All_articles_lacking_reliable_references"", ""Articles_lacking_reliable_references_from_October_2023"", ""1947_drama_films"", ""British_black-and-white_films"", ""British_drama_films"", ""Ealing_Studios_films"", ""Films_based_on_Nicholas_Nickleby"", ""Films_directed_by_Alberto_Cavalcanti"", ""Films_produced_by_Michael_Balcon"", ""Films_set_in_London"", ""1940s_British_films"", ""1940s_English-language_films"", ""Films_set_in_the_1830s"", ""British_historical_films"", ""1940s_historical_films"", ""English-language_historical_films""]",,2025-11-29 22:44:14,https://en.wikipedia.org/wiki/The_Life_and_Adventures_of_Nicholas_Nickleby_(1947_film)
642,Carbon fiber reinforced polymer,en,47953,6977,"[""CS1:_long_volume_value"", ""CS1:_unfit_URL"", ""CS1_German-language_sources_(de)"", ""Articles_with_short_description"", ""Short_description_is_different_from_Wikidata"", ""Use_dmy_dates_from_October_2025"", ""Use_American_English_from_August_2020"", ""All_Wikipedia_articles_written_in_American_English"", ""Articles_needing_additional_references_from_March_2020"", ""All_articles_needing_additional_references"", ""All_articles_with_unsourced_statements"", ""Articles_with_unsourced_statements_from_April_2019"", ""Articles_needing_additional_references_from_June_2012"", ""Commons_category_link_is_on_Wikidata"", ""Aerospace_materials"", ""Allotropes_of_carbon"", ""Composite_materials"", ""Fibre-reinforced_polymers"", ""Synthetic_fibers""]",,2025-11-29 22:44:17,https://en.wikipedia.org/wiki/Carbon_fiber_reinforced_polymer
643,AMC-9,en,6712,1008,"[""Source_attribution"", ""Use_American_English_from_April_2021"", ""All_Wikipedia_articles_written_in_American_English"", ""Use_dmy_dates_from_April_2021"", ""Communications_satellites_in_geostationary_orbit"", ""Spacecraft_launched_in_2003"", ""SES_satellites"", ""Satellites_using_the_Spacebus_bus"", ""Derelict_satellites_orbiting_Earth""]",,2025-11-29 22:44:20,https://en.wikipedia.org/wiki/AMC-9
644,Decommunization,en,21081,3078,"[""CS1_Polish-language_sources_(pl)"", ""Articles_with_Ukrainian-language_sources_(uk)"", ""Articles_with_short_description"", ""Short_description_is_different_from_Wikidata"", ""Articles_needing_additional_references_from_August_2017"", ""All_articles_needing_additional_references"", ""Use_British_English_from_August_2017"", ""All_Wikipedia_articles_written_in_British_English"", ""Use_dmy_dates_from_August_2017"", ""Decommunization"", ""Political_and_cultural_purges""]",,2025-11-29 22:44:23,https://en.wikipedia.org/wiki/Decommunization
645,Sassanid army,en,28876,4371,"[""Articles_with_short_description"", ""Short_description_matches_Wikidata"", ""Articles_lacking_in-text_citations_from_June_2015"", ""All_articles_lacking_in-text_citations"", ""Articles_containing_Arabic-language_text"", ""Articles_containing_Middle_Persian-language_text"", ""All_articles_with_unsourced_statements"", ""Articles_with_unsourced_statements_from_July_2007"", ""Articles_with_unsourced_statements_from_February_2008"", ""Articles_with_unsourced_statements_from_February_2024"", ""Articles_with_unsourced_statements_from_August_2013"", ""CS1_maint:_location_missing_publisher"", ""Medieval_armies"", ""Military_units_and_formations_of_the_Sasanian_Empire""]",,2025-11-29 22:44:28,https://en.wikipedia.org/wiki/Sassanid_army
647,Energy in Jordan,en,20594,3124,"[""Source_attribution"", ""All_articles_with_dead_external_links"", ""Articles_with_dead_external_links_from_August_2019"", ""Articles_with_permanently_dead_external_links"", ""Articles_with_short_description"", ""Short_description_with_empty_Wikidata_description"", ""Articles_needing_additional_references_from_March_2024"", ""All_articles_needing_additional_references"", ""Wikipedia_articles_in_need_of_updating_from_March_2024"", ""All_Wikipedia_articles_in_need_of_updating"", ""Articles_with_multiple_maintenance_issues"", ""Articles_to_be_expanded_from_November_2011"", ""All_articles_to_be_expanded"", ""Commons_category_link_is_on_Wikidata"", ""Energy_in_Jordan""]",,2025-11-29 22:44:49,https://en.wikipedia.org/wiki/Energy_in_Jordan
648,New Khmer Architecture,en,15388,2232,"[""Articles_needing_additional_references_from_September_2017"", ""All_articles_needing_additional_references"", ""Articles_containing_Khmer-language_text"", ""Wikipedia_articles_with_style_issues_from_September_2023"", ""All_articles_with_style_issues"", ""Architecture_in_Cambodia"", ""Architectural_styles"", ""New_Khmer_Architecture""]",,2025-11-29 22:44:52,https://en.wikipedia.org/wiki/New_Khmer_Architecture
649,"Votive Church, Vienna",en,12670,1948,"[""Pages_using_gadget_WikiMiniAtlas"", ""CS1_German-language_sources_(de)"", ""Articles_with_short_description"", ""Short_description_is_different_from_Wikidata"", ""Coordinates_on_Wikidata"", ""Articles_containing_explicitly_cited_English-language_text"", ""Commons_category_link_is_on_Wikidata"", ""Webarchive_template_wayback_links"", ""19th-century_Roman_Catholic_church_buildings_in_Austria"", ""Buildings_and_structures_in_Alsergrund"", ""Roman_Catholic_churches_completed_in_1879"", ""Roman_Catholic_church_buildings_in_the_Vicariate_of_Vienna_City"", ""Gothic_Revival_church_buildings_in_Austria"", ""Votive_churches"", ""1879_establishments_in_Austria""]",,2025-11-29 22:44:53,"https://en.wikipedia.org/wiki/Votive_Church,_Vienna"
650,Solar symbol,en,15104,2348,"[""Pages_using_the_WikiHiero_extension"", ""CS1_French-language_sources_(fr)"", ""Webarchive_template_wayback_links"", ""CS1_errors:_ISBN_date"", ""Articles_with_short_description"", ""Short_description_matches_Wikidata"", ""Use_dmy_dates_from_December_2024"", ""Articles_containing_Mycenaean_Greek-language_text"", ""Articles_containing_German-language_text"", ""Commons_category_link_is_on_Wikidata"", ""Solar_symbols"", ""Lists_of_symbols"", ""History_of_astrology"", ""Heraldic_charges"", ""Astronomical_symbols""]",,2025-11-29 22:44:55,https://en.wikipedia.org/wiki/Solar_symbol
652,Soft-sediment deformation structures,en,4412,662,"[""Articles_with_short_description"", ""Short_description_matches_Wikidata"", ""Sedimentary_structures""]",,2025-11-29 22:45:00,https://en.wikipedia.org/wiki/Soft-sediment_deformation_structures
653,Chechens,en,51484,7448,"[""All_articles_that_may_contain_original_research"", ""Articles_that_may_contain_original_research_from_November_2024"", ""Articles_with_Russian-language_sources_(ru)"", ""Webarchive_template_wayback_links"", ""Wikipedia_articles_incorporating_a_citation_from_the_1911_Encyclopaedia_Britannica_with_Wikisource_reference"", ""CS1_maint:_location_missing_publisher"", ""CS1_Russian-language_sources_(ru)"", ""CS1_errors:_missing_periodical"", ""CS1_maint:_others"", ""CS1_errors:_periodical_ignored"", ""CS1_maint:_archived_copy_as_title"", ""CS1_maint:_multiple_names:_authors_list"", ""Articles_with_short_description"", ""Short_description_matches_Wikidata"", ""Wikipedia_pages_semi-protected_against_vandalism"", ""Short_description_is_different_from_Wikidata"", ""Articles_containing_Chechen-language_text"", ""\""Related_ethnic_groups\""_needing_confirmation"", ""Pages_using_infobox_ethnic_group_with_unknown_parameters"", ""Articles_using_infobox_ethnic_group_with_image_parameters"", ""Pages_with_Chechen_IPA"", ""All_articles_with_unsourced_statements"", ""Articles_with_unsourced_statements_from_February_2022"", ""Articles_to_be_expanded_from_April_2025"", ""All_articles_to_be_expanded"", ""Articles_with_unsourced_statements_from_June_2018"", ""Articles_with_unsourced_statements_from_February_2016"", ""All_articles_with_minor_POV_problems"", ""Articles_with_minor_POV_problems_from_August_2025"", ""Articles_with_unsourced_statements_from_June_2024"", ""CS1_German-language_sources_(de)"", ""Commons_category_link_is_on_Wikidata"", ""Chechen_people"", ""Nakh_peoples"", ""Ethnic_groups_in_Dagestan"", ""Ethnic_groups_in_Iraq"", ""Ethnic_groups_in_Jordan"", ""Ethnic_groups_in_Kazakhstan"", ""Muslim_communities_of_Russia"", ""Indigenous_peoples_of_the_North_Caucasus"", ""Muslim_communities_of_the_Caucasus""]",,2025-11-29 22:45:02,https://en.wikipedia.org/wiki/Chechens
656,2148 Epeios,en,14262,2272,"[""Articles_with_short_description"", ""Short_description_is_different_from_Wikidata"", ""Use_dmy_dates_from_June_2018"", ""Minor_planet_object_articles_(numbered)"", ""Jupiter_trojans_(Greek_camp)"", ""Discoveries_by_Richard_Martin_West"", ""Named_minor_planets"", ""Astronomical_objects_discovered_in_1976""]",,2025-11-29 22:45:27,https://en.wikipedia.org/wiki/2148_Epeios
657,Babington Plot,en,28278,4543,"[""Webarchive_template_wayback_links"", ""Articles_with_short_description"", ""Short_description_is_different_from_Wikidata"", ""Use_British_English_from_February_2014"", ""All_Wikipedia_articles_written_in_British_English"", ""Use_dmy_dates_from_February_2014"", ""Articles_containing_German-language_text"", ""Pages_with_missing_ISBNs"", ""All_articles_with_dead_external_links"", ""Articles_with_dead_external_links_from_September_2025"", ""1586_in_England"", ""1586_in_Scotland"", ""Espionage_scandals_and_incidents"", ""Babington_Plot"", ""History_of_cryptography"", ""History_of_Catholicism_in_England"", ""History_of_Catholicism_in_Scotland"", ""Elizabeth_I"", ""Mary,_Queen_of_Scots"", ""Attempted_coups_d'\u00e9tat_in_Europe"", ""1586_in_Christianity"", ""16th-century_anti-Protestantism"", ""16th-century_coups_d'\u00e9tat""]",,2025-11-29 22:45:31,https://en.wikipedia.org/wiki/Babington_Plot
658,Samara,en,46575,6880,"[""Pages_using_gadget_WikiMiniAtlas"", ""Pages_with_non-numeric_formatnum_arguments"", ""Articles_containing_Russian-language_text"", ""CS1_uses_Russian-language_script_(ru)"", ""CS1_Russian-language_sources_(ru)"", ""Articles_with_Russian-language_sources_(ru)"", ""Webarchive_template_wayback_links"", ""Articles_with_short_description"", ""Short_description_matches_Wikidata"", ""Pages_using_multiple_image_with_auto_scaled_images"", ""Coordinates_on_Wikidata"", ""Pages_with_Russian_IPA"", ""All_articles_with_unsourced_statements"", ""Articles_with_unsourced_statements_from_November_2024"", ""All_articles_lacking_reliable_references"", ""Articles_lacking_reliable_references_from_November_2024"", ""Articles_needing_additional_references_from_May_2020"", ""All_articles_needing_additional_references"", ""Articles_with_unsourced_statements_from_September_2011"", ""All_articles_with_vague_or_ambiguous_time"", ""Vague_or_ambiguous_time_from_December_2024"", ""Wikipedia_articles_incorporating_a_citation_from_the_1911_Encyclopaedia_Britannica_with_Wikisource_reference"", ""Official_website_different_in_Wikidata_and_Wikipedia"", ""Use_mdy_dates_from_March_2012"", ""Samara,_Russia"", ""Populated_places_established_in_1586"", ""Populated_places_on_the_Volga"", ""Samarsky_Uyezd"", ""Pages_using_the_Kartographer_extension""]",,2025-11-29 22:45:34,https://en.wikipedia.org/wiki/Samara
659,Extraterrestrial real estate,en,33451,4722,"[""Articles_with_short_description"", ""Short_description_matches_Wikidata"", ""All_articles_with_unsourced_statements"", ""Articles_with_unsourced_statements_from_April_2025"", ""Articles_with_unsourced_statements_from_August_2021"", ""Webarchive_template_wayback_links"", ""Space_law"", ""Exploration_of_the_Moon"", ""Real_estate""]",,2025-11-29 22:45:40,https://en.wikipedia.org/wiki/Extraterrestrial_real_estate
660,Cinema of Serbia,en,44967,6916,"[""CS1_Serbian-language_sources_(sr)"", ""CS1_uses_Serbian-language_script_(sr)"", ""CS1_Serbian_(Latin_script)-language_sources_(sr-latn)"", ""Articles_with_short_description"", ""Short_description_is_different_from_Wikidata"", ""Use_dmy_dates_from_March_2021"", ""All_articles_with_unsourced_statements"", ""Articles_with_unsourced_statements_from_May_2020"", ""Articles_containing_Serbian-language_text"", ""Commons_category_link_is_on_Wikidata"", ""Cinema_of_Serbia"", ""Mass_media_in_Serbia"", ""Arts_in_Serbia"", ""Culture_of_Serbia""]",,2025-11-29 22:45:53,https://en.wikipedia.org/wiki/Cinema_of_Serbia
661,Broxburn,en,15097,2272,"[""Pages_using_gadget_WikiMiniAtlas"", ""Articles_with_short_description"", ""Short_description_is_different_from_Wikidata"", ""Use_dmy_dates_from_October_2019"", ""Use_British_English_from_May_2025"", ""All_Wikipedia_articles_written_in_British_English"", ""Articles_containing_Scottish_Gaelic-language_text"", ""Articles_with_OS_grid_coordinates"", ""Coordinates_on_Wikidata"", ""Pages_with_Scottish_Gaelic_IPA"", ""All_articles_with_unsourced_statements"", ""Articles_with_unsourced_statements_from_January_2023"", ""Commons_category_link_is_on_Wikidata"", ""Towns_in_West_Lothian"", ""Broxburn,_West_Lothian"", ""Mining_communities_in_Scotland""]",,2025-11-29 22:46:02,https://en.wikipedia.org/wiki/Broxburn
662,Politics of Indonesia,en,43229,5917,"[""Webarchive_template_wayback_links"", ""All_articles_with_dead_external_links"", ""Articles_with_dead_external_links_from_October_2023"", ""Articles_with_permanently_dead_external_links"", ""CS1:_unfit_URL"", ""CS1_maint:_numeric_names:_authors_list"", ""CS1_Indonesian-language_sources_(id)"", ""Articles_with_short_description"", ""Short_description_matches_Wikidata"", ""Use_British_English_from_March_2020"", ""All_Wikipedia_articles_written_in_British_English"", ""Use_dmy_dates_from_March_2020"", ""Articles_containing_Indonesian-language_text"", ""Democracy_Index_rating_template_users"", ""Politics_of_Indonesia"", ""Government_of_Indonesia"", ""Politics_of_Southeast_Asia""]",,2025-11-29 22:46:07,https://en.wikipedia.org/wiki/Politics_of_Indonesia
663,Timeline of Albanian history,en,79069,11987,"[""Source_attribution"", ""Webarchive_template_wayback_links"", ""Articles_with_Italian-language_sources_(it)"", ""Articles_with_short_description"", ""Short_description_with_empty_Wikidata_description"", ""Use_mdy_dates_from_March_2013"", ""Dynamic_lists"", ""Albania_history-related_lists"", ""Timelines_by_country"", ""Years_in_Albania""]",,2025-11-29 22:46:15,https://en.wikipedia.org/wiki/Timeline_of_Albanian_history
664,632 Armenia earthquake,en,984,148,"[""Pages_using_gadget_WikiMiniAtlas"", ""Articles_with_short_description"", ""Short_description_matches_Wikidata"", ""Coordinates_on_Wikidata"", ""632"", ""630s_in_the_Byzantine_Empire"", ""7th-century_earthquakes"", ""7th_century_in_Armenia"", ""Armenian_Highlands"", ""Earthquakes_in_Armenia"", ""All_stub_articles"", ""Asian_earthquake_stubs""]",,2025-11-29 22:46:23,https://en.wikipedia.org/wiki/632_Armenia_earthquake
666,Regional Affairs Committee,en,5808,807,"[""Use_British_English_from_August_2023"", ""All_Wikipedia_articles_written_in_British_English"", ""Use_dmy_dates_from_April_2022"", ""Wikipedia_articles_in_need_of_updating_from_January_2024"", ""All_Wikipedia_articles_in_need_of_updating"", ""Committees_of_the_British_House_of_Commons""]",,2025-11-29 22:46:25,https://en.wikipedia.org/wiki/Regional_Affairs_Committee
669,Jan Václav Voříšek,en,11562,1590,"[""Articles_with_short_description"", ""Short_description_is_different_from_Wikidata"", ""Articles_with_hCards"", ""Pages_using_infobox_musical_artist_with_associated_acts"", ""Pages_with_Czech_IPA"", ""Webarchive_template_wayback_links"", ""Composers_with_IMSLP_links"", ""Articles_with_International_Music_Score_Library_Project_links"", ""1791_births"", ""1825_deaths"", ""19th-century_Czech_classical_composers"", ""19th-century_classical_pianists"", ""19th-century_deaths_from_tuberculosis"", ""19th-century_Czech_male_musicians"", ""19th-century_organists"", ""Czech_classical_organists"", ""Czech_classical_pianists"", ""Composers_from_the_Austrian_Empire"", ""Czech_male_classical_composers"", ""Czech_Romantic_composers"", ""Czech_male_classical_pianists"", ""Czech_male_classical_organists"", ""People_from_Vamberk"", ""Tuberculosis_deaths_in_the_Austrian_Empire""]",,2025-11-29 22:46:34,https://en.wikipedia.org/wiki/Jan_Václav_Voříšek
670,Giosafat Barbaro,en,50134,7970,"[""Articles_with_short_description"", ""Short_description_matches_Wikidata"", ""1413_births"", ""1494_deaths"", ""Ambassadors_of_the_Republic_of_Venice"", ""Barbaro_family"", ""Ducal_councillors"", ""Explorers_from_the_Republic_of_Venice"", ""Governors-general"", ""Italian_travel_writers"", ""Italian_male_writers"", ""Ottoman\u2013Venetian_War_(1463\u20131479)"", ""Diplomats_from_the_Republic_of_Venice"", ""Merchants_from_the_Republic_of_Venice"", ""Military_personnel_from_the_Republic_of_Venice"", ""Nobility_from_the_Republic_of_Venice"", ""People_of_the_Ottoman\u2013Venetian_Wars_from_the_Republic_of_Venice"", ""Politicians_from_the_Republic_of_Venice"", ""Writers_from_the_Republic_of_Venice"", ""Venetian_governors"", ""15th-century_Italian_diplomats"", ""15th-century_Italian_explorers"", ""15th-century_Italian_nobility"", ""15th-century_merchants"", ""15th-century_businesspeople_from_the_Republic_of_Venice"", ""15th-century_writers_from_the_Republic_of_Venice"", ""15th-century_Italian_judges""]",,2025-11-29 22:46:43,https://en.wikipedia.org/wiki/Giosafat_Barbaro
671,Godoberi language,en,7134,1059,"[""Language_articles_citing_Ethnologue_25"", ""Articles_with_short_description"", ""Short_description_is_different_from_Wikidata"", ""Articles_containing_Ghodoberi-language_text"", ""Pages_with_plain_IPA"", ""ISO_language_articles_citing_sources_other_than_Ethnologue"", ""Wikipedia_articles_needing_clarification_from_October_2025"", ""All_articles_with_unsourced_statements"", ""Articles_with_unsourced_statements_from_October_2025"", ""Northeast_Caucasian_languages"", ""Andic_languages"", ""Languages_of_Russia"", ""Endangered_Caucasian_languages""]",,2025-11-29 22:46:48,https://en.wikipedia.org/wiki/Godoberi_language
672,Chromobacterium violaceum,en,13382,1661,"[""Articles_with_short_description"", ""Short_description_matches_Wikidata"", ""Articles_with_'species'_microformats"", ""Neisseriales"", ""Bacteria_described_in_1872"", ""Pathogenic_bacteria""]",,2025-11-29 22:46:50,https://en.wikipedia.org/wiki/Chromobacterium_violaceum
673,Thessaly,en,31499,4784,"[""Pages_using_gadget_WikiMiniAtlas"", ""CS1_Greek-language_sources_(el)"", ""CS1_maint:_location_missing_publisher"", ""Articles_with_short_description"", ""Short_description_is_different_from_Wikidata"", ""Pages_using_infobox_settlement_with_bad_settlement_type"", ""Articles_containing_Greek-language_text"", ""Coordinates_on_Wikidata"", ""Pages_with_Greek_IPA"", ""Articles_containing_Ancient_Greek_(to_1453)-language_text"", ""Articles_containing_Aromanian-language_text"", ""Commons_category_link_is_on_Wikidata"", ""Articles_with_Greek-language_sources_(el)"", ""CS1_maint:_multiple_names:_authors_list"", ""Thessaly"", ""NUTS_2_statistical_regions_of_the_European_Union"", ""Administrative_regions_of_Greece"", ""Northern_Greece""]",,2025-11-29 22:46:54,https://en.wikipedia.org/wiki/Thessaly
675,Climate of Jersey,en,27973,4306,"[""Pages_using_gadget_WikiMiniAtlas"", ""Articles_with_short_description"", ""Short_description_is_different_from_Wikidata"", ""Use_British_English_from_October_2013"", ""All_Wikipedia_articles_written_in_British_English"", ""Use_dmy_dates_from_February_2021"", ""Articles_needing_additional_references_from_February_2013"", ""All_articles_needing_additional_references"", ""Coordinates_on_Wikidata"", ""All_articles_with_unsourced_statements"", ""Articles_with_unsourced_statements_from_November_2024"", ""Articles_containing_French-language_text"", ""Webarchive_template_wayback_links"", ""Geography_of_Jersey"", ""Geography_of_the_Channel_Islands""]",,2025-11-29 22:47:02,https://en.wikipedia.org/wiki/Climate_of_Jersey
676,Potentially hazardous asteroids,en,29916,4511,"[""CS1_errors:_missing_periodical"", ""Articles_with_short_description"", ""Short_description_is_different_from_Wikidata"", ""Articles_containing_potentially_dated_statements_from_February_2025"", ""All_articles_containing_potentially_dated_statements"", ""Articles_containing_potentially_dated_statements_from_November_2022"", ""Articles_containing_potentially_dated_statements_from_September_2022"", ""Articles_needing_additional_references_from_May_2022"", ""All_articles_needing_additional_references"", ""Pages_displaying_short_descriptions_of_redirect_targets_via_Module:Annotated_link"", ""Near-Earth_objects"", ""Planetary_defense"", ""Space_hazards"", ""Potentially_hazardous_asteroids"", ""Solar_System""]",,2025-11-29 22:47:10,https://en.wikipedia.org/wiki/Potentially_hazardous_asteroids
678,The British Museum Friends,en,12913,1853,"[""CS1_errors:_missing_periodical"", ""Webarchive_template_wayback_links"", ""Use_dmy_dates_from_August_2015"", ""Use_British_English_from_August_2015"", ""All_Wikipedia_articles_written_in_British_English"", ""Pages_using_infobox_mapframe_with_missing_coordinates"", ""British_Museum"", ""Educational_charities_based_in_the_United_Kingdom"", ""Organizations_established_in_1968"", ""1968_establishments_in_the_United_Kingdom""]",,2025-11-29 22:47:31,https://en.wikipedia.org/wiki/The_British_Museum_Friends
680,Manastash Ridge Observatory,en,6623,919,"[""Pages_using_gadget_WikiMiniAtlas"", ""Articles_with_short_description"", ""Short_description_matches_Wikidata"", ""Use_American_English_from_July_2025"", ""All_Wikipedia_articles_written_in_American_English"", ""Use_mdy_dates_from_August_2020"", ""Short_description_is_different_from_Wikidata"", ""Coordinates_on_Wikidata"", ""Pages_using_infobox_mapframe_without_shape_links_in_Wikidata"", ""Articles_using_Infobox_observatory_using_locally_defined_parameters"", ""Astronomical_observatories_in_Washington_(state)"", ""Buildings_and_structures_in_Kittitas_County,_Washington"", ""University_of_Washington"", ""1972_establishments_in_Washington_(state)"", ""Buildings_and_structures_completed_in_1972"", ""Pages_using_the_Kartographer_extension""]",,2025-11-29 22:47:44,https://en.wikipedia.org/wiki/Manastash_Ridge_Observatory
681,Transatmospheric orbit,en,4185,590,"[""Articles_with_short_description"", ""Short_description_is_different_from_Wikidata"", ""Earth_orbits"", ""Orbits""]",,2025-11-29 22:47:46,https://en.wikipedia.org/wiki/Transatmospheric_orbit
682,ISO 3166-1 alpha-2,en,40917,7044,"[""Articles_containing_Finnish-language_text"", ""Articles_containing_Swedish-language_text"", ""CS1_maint:_url-status"", ""Webarchive_template_wayback_links"", ""Articles_with_short_description"", ""Short_description_matches_Wikidata"", ""Wikipedia_pending_changes_protected_pages"", ""Use_dmy_dates_from_February_2025"", ""Articles_containing_French-language_text"", ""Articles_containing_Latin-language_text"", ""Articles_containing_German-language_text"", ""Articles_containing_Estonian-language_text"", ""Articles_containing_Spanish-language_text"", ""Articles_containing_Croatian-language_text"", ""Articles_containing_Icelandic-language_text"", ""Articles_with_text_in_Bantu_languages"", ""Articles_containing_Macedonian-language_text"", ""Articles_containing_Dutch-language_text"", ""Articles_containing_Serbian-language_text"", ""ISO_3166"", ""Country_codes"", ""Location_codes"", ""Unique_identifiers""]",,2025-11-29 22:47:51,https://en.wikipedia.org/wiki/ISO_3166-1_alpha-2
683,Squirrel,en,42770,5518,"[""CS1:_unfit_URL"", ""CS1:_long_volume_value"", ""Webarchive_template_wayback_links"", ""Articles_with_short_description"", ""Short_description_matches_Wikidata"", ""Wikipedia_indefinitely_semi-protected_pages"", ""Use_dmy_dates_from_October_2020"", ""Articles_with_'species'_microformats"", ""Articles_containing_Anglo-Norman-language_text"", ""Articles_containing_Old_French_(842-ca._1400)-language_text"", ""Articles_containing_Latin-language_text"", ""Articles_containing_Ancient_Greek_(to_1453)-language_text"", ""Articles_containing_Old_English_(ca._450-1100)-language_text"", ""Articles_containing_Middle_English_(1100-1500)-language_text"", ""Articles_containing_German-language_text"", ""Articles_containing_Norwegian-language_text"", ""Articles_containing_Dutch-language_text"", ""Articles_containing_Swedish-language_text"", ""Articles_containing_Danish-language_text"", ""Commons_link_is_on_Wikidata"", ""Squirrels"", ""Sciuromorpha"", ""Articles_containing_video_clips"", ""Extant_Eocene_first_appearances"", ""Rodents_by_common_name"", ""Taxa_named_by_Gotthelf_Fischer_von_Waldheim""]",,2025-11-29 22:48:06,https://en.wikipedia.org/wiki/Squirrel
684,Baruch ben Neriah,en,21199,3219,"[""All_articles_with_incomplete_citations"", ""Articles_with_incomplete_citations_from_October_2020"", ""CS1_Polish-language_sources_(pl)"", ""CS1_German-language_sources_(de)"", ""CS1_Russian-language_sources_(ru)"", ""Articles_with_short_description"", ""Short_description_is_different_from_Wikidata"", ""Articles_containing_Hebrew-language_text"", ""All_articles_with_specifically_marked_weasel-worded_phrases"", ""Articles_with_specifically_marked_weasel-worded_phrases_from_November_2022"", ""Articles_incorporating_a_citation_from_the_1913_Catholic_Encyclopedia_with_Wikisource_reference"", ""CS1_errors:_ISBN_date"", ""Wikipedia_articles_incorporating_a_citation_from_the_1906_Jewish_Encyclopedia"", ""Wikipedia_articles_incorporating_a_citation_from_the_1906_Jewish_Encyclopedia_without_a_Wikisource_reference"", ""Baruch_ben_Neriah"", ""6th-century_BCE_Jews"", ""Prophets_in_Judaism"", ""Kingdom_of_Judah"", ""People_in_the_Book_of_Jeremiah"", ""Jewish_scribes_(soferim)"", ""Ancient_Near_Eastern_scribes"", ""Entering_heaven_alive"", ""Christian_saints_from_the_Old_Testament"", ""People_in_the_deuterocanonical_books"", ""Prophets_in_the_Hebrew_Bible""]",,2025-11-29 22:48:23,https://en.wikipedia.org/wiki/Baruch_ben_Neriah
685,Tartarchay,en,4476,631,"[""Pages_using_gadget_WikiMiniAtlas"", ""Webarchive_template_wayback_links"", ""Articles_with_short_description"", ""Short_description_matches_Wikidata"", ""Articles_containing_Azerbaijani-language_text"", ""Coordinates_on_Wikidata"", ""Tributaries_of_the_Kura_(Caspian_Sea)"", ""Pages_using_infobox_river_with_mapframe"", ""Articles_containing_Armenian-language_text"", ""Commons_category_link_is_on_Wikidata"", ""Rivers_of_Azerbaijan"", ""Tartar_District"", ""Kalbajar_District"", ""Barda_District"", ""Pages_using_the_Kartographer_extension""]",,2025-11-29 22:48:39,https://en.wikipedia.org/wiki/Tartarchay
686,K2-288Bb,en,13100,1942,"[""Articles_with_short_description"", ""Short_description_is_different_from_Wikidata"", ""Use_dmy_dates_from_January_2019"", ""Exoplanets_discovered_in_2019"", ""Terrestrial_planets"", ""Transiting_exoplanets"", ""Taurus_(constellation)"", ""Exoplanets_discovered_by_K2"", ""Super-Earths_in_the_habitable_zone""]",,2025-11-29 22:48:41,https://en.wikipedia.org/wiki/K2-288Bb
687,Oghuz Turk,en,46548,6811,"[""All_articles_with_dead_external_links"", ""Articles_with_dead_external_links_from_July_2025"", ""Articles_with_permanently_dead_external_links"", ""CS1_errors:_periodical_ignored"", ""CS1_Russian-language_sources_(ru)"", ""CS1_Turkish-language_sources_(tr)"", ""Webarchive_template_wayback_links"", ""Articles_with_Turkish-language_sources_(tr)"", ""Wikipedia_articles_incorporating_a_citation_from_the_1911_Encyclopaedia_Britannica_with_Wikisource_reference"", ""CS1_maint:_archived_copy_as_title"", ""Articles_with_short_description"", ""Short_description_matches_Wikidata"", ""Use_British_English_from_June_2022"", ""All_Wikipedia_articles_written_in_British_English"", ""Use_dmy_dates_from_June_2022"", ""Short_description_is_different_from_Wikidata"", ""\""Related_ethnic_groups\""_needing_confirmation"", ""Articles_using_infobox_ethnic_group_with_image_parameters"", ""Articles_containing_Karakhanid-language_text"", ""Articles_containing_Ottoman_Turkish_(1500-1928)-language_text"", ""Pages_with_plain_IPA"", ""Articles_containing_Ancient_Greek_(to_1453)-language_text"", ""All_articles_with_unsourced_statements"", ""Articles_with_unsourced_statements_from_August_2025"", ""Commons_category_link_is_on_Wikidata"", ""Oghuz_Turks"", ""History_of_the_Turkish_people"", ""Turkic_peoples_of_Asia"", ""Turkic_peoples""]",,2025-11-29 22:48:46,https://en.wikipedia.org/wiki/Oghuz_Turk
690,Spaceflight,en,73376,10463,"[""Webarchive_template_wayback_links"", ""Articles_with_short_description"", ""Short_description_is_different_from_Wikidata"", ""Articles_containing_Russian-language_text"", ""Articles_with_excerpts"", ""All_articles_with_unsourced_statements"", ""Articles_with_unsourced_statements_from_February_2013"", ""Pages_displaying_short_descriptions_of_redirect_targets_via_Module:Annotated_link"", ""Commons_category_link_is_on_Wikidata"", ""Spaceflight"", ""Astronautics"", ""Solar_System""]",,2025-11-29 22:49:00,https://en.wikipedia.org/wiki/Spaceflight
691,Jabal Shammar,en,12934,2093,"[""Articles_with_short_description"", ""Short_description_matches_Wikidata"", ""Articles_needing_additional_references_from_February_2019"", ""All_articles_needing_additional_references"", ""Use_dmy_dates_from_June_2021"", ""Articles_containing_Arabic-language_text"", ""Pages_using_infobox_country_or_infobox_former_country_with_the_flag_caption_or_type_parameters"", ""Saudi_Arabia_articles_missing_geocoordinate_data"", ""All_articles_needing_coordinates"", ""Articles_missing_coordinates_with_coordinates_on_Wikidata"", ""Former_Arab_states"", ""Ottoman_Arabia"", ""History_of_Najd"", ""1836_establishments_in_Asia"", ""1921_disestablishments_in_Asia"", ""Former_emirates""]",,2025-11-29 22:49:17,https://en.wikipedia.org/wiki/Jabal_Shammar
692,Fusibility,en,1891,297,"[""Articles_with_short_description"", ""Short_description_is_different_from_Wikidata"", ""Chemical_properties""]",,2025-11-29 22:49:18,https://en.wikipedia.org/wiki/Fusibility
693,Carbon disulfide,en,22393,3131,"[""CS1_German-language_sources_(de)"", ""ECHA_InfoCard_ID_from_Wikidata"", ""Chembox_having_GHS_data"", ""Chemical_articles_having_a_data_page"", ""Articles_containing_unverified_chemical_infoboxes"", ""Chembox_image_size_set"", ""Articles_with_short_description"", ""Short_description_matches_Wikidata"", ""Wikipedia_articles_in_need_of_updating_from_November_2023"", ""All_Wikipedia_articles_in_need_of_updating"", ""Articles_containing_potentially_dated_statements_from_2004"", ""All_articles_containing_potentially_dated_statements"", ""Articles_containing_potentially_dated_statements_from_2018"", ""United_States-centric"", ""Articles_with_limited_geographic_scope_from_October_2021"", ""Articles_containing_potentially_dated_statements_from_2016"", ""Commons_category_link_is_on_Wikidata"", ""Webarchive_template_wayback_links"", ""Sulfides"", ""Inorganic_carbon_compounds"", ""Inorganic_sulfur_compounds"", ""Inorganic_solvents"", ""Neurotoxins"", ""Dichalcogenides"", ""Chemical_hazards"", ""Foul-smelling_chemicals"", ""IV-VI_semiconductors""]",,2025-11-29 22:49:19,https://en.wikipedia.org/wiki/Carbon_disulfide
694,Army of the Tsardom of Russia,en,18884,2872,"[""CS1_maint:_location_missing_publisher"", ""CS1_Russian-language_sources_(ru)"", ""CS1_maint:_others"", ""Articles_with_short_description"", ""Short_description_with_empty_Wikidata_description"", ""Use_dmy_dates_from_March_2023"", ""Articles_containing_Russian-language_text"", ""Articles_to_be_expanded_from_September_2025"", ""All_articles_to_be_expanded"", ""All_articles_lacking_reliable_references"", ""Articles_lacking_reliable_references_from_November_2024"", ""Articles_with_empty_sections_from_September_2025"", ""All_articles_with_empty_sections"", ""Articles_containing_potentially_dated_statements_from_2010"", ""All_articles_containing_potentially_dated_statements"", ""Military_history_of_the_Tsardom_of_Russia"", ""Disbanded_armies"", ""Organizations_disestablished_in_1682""]",,2025-11-29 22:49:25,https://en.wikipedia.org/wiki/Army_of_the_Tsardom_of_Russia
695,Mechanical watch,en,30779,4931,"[""CS1_maint:_numeric_names:_authors_list"", ""CS1_errors:_ISBN_date"", ""Webarchive_template_wayback_links"", ""Articles_with_short_description"", ""Short_description_matches_Wikidata"", ""Watches"", ""Articles_containing_video_clips""]",,2025-11-29 22:49:30,https://en.wikipedia.org/wiki/Mechanical_watch
696,"Altona, Hamburg",en,15914,2265,"[""Pages_using_gadget_WikiMiniAtlas"", ""Pages_using_the_Phonos_extension"", ""CS1_German-language_sources_(de)"", ""Webarchive_template_wayback_links"", ""Use_dmy_dates_from_May_2022"", ""Articles_with_short_description"", ""Short_description_is_different_from_Wikidata"", ""Pages_using_infobox_settlement_with_bad_settlement_type"", ""Coordinates_on_Wikidata"", ""Pages_using_infobox_settlement_with_potentially_too_many_maps"", ""Pages_with_German_IPA"", ""Pages_including_recorded_pronunciations"", ""Articles_containing_German-language_text"", ""Articles_containing_Danish-language_text"", ""All_articles_with_unsourced_statements"", ""Articles_with_unsourced_statements_from_February_2022"", ""Articles_with_German-language_sources_(de)"", ""Commons_category_link_from_Wikidata"", ""Wikipedia_articles_incorporating_a_citation_from_the_1911_Encyclopaedia_Britannica_with_Wikisource_reference"", ""Altona,_Hamburg"", ""Boroughs_of_Hamburg"", ""Populated_places_established_in_1535"", ""1535_establishments_in_the_Holy_Roman_Empire"", ""Pages_using_the_Kartographer_extension""]",,2025-11-29 22:49:34,"https://en.wikipedia.org/wiki/Altona,_Hamburg"
698,Labarum,en,17213,2671,"[""Wikipedia_articles_incorporating_a_citation_from_the_1911_Encyclopaedia_Britannica_with_Wikisource_reference"", ""Articles_with_short_description"", ""Short_description_is_different_from_Wikidata"", ""Articles_containing_Greek-language_text"", ""Commons_category_link_is_on_Wikidata"", ""Christian_symbols"", ""Christian_iconography"", ""4th-century_Christianity"", ""Constantine_the_Great_and_Christianity"", ""Early_Christian_art"", ""History_of_flags"", ""Sol_Invictus""]",,2025-11-29 22:49:42,https://en.wikipedia.org/wiki/Labarum
699,Theory of tides,en,33644,5236,"[""Articles_with_short_description"", ""Short_description_is_different_from_Wikidata"", ""Webarchive_template_wayback_links"", ""Use_dmy_dates_from_August_2019"", ""Tides"", ""Geophysics"", ""Oceanography"", ""Continuum_mechanics"", ""Fluid_dynamics"", ""Fluid_mechanics"", ""Planetary_science""]",,2025-11-29 22:49:46,https://en.wikipedia.org/wiki/Theory_of_tides
700,Sivas,en,19941,2942,"[""Pages_using_gadget_WikiMiniAtlas"", ""Webarchive_template_wayback_links"", ""CS1_Turkish-language_sources_(tr)"", ""Articles_with_Turkish-language_sources_(tr)"", ""CS1_French-language_sources_(fr)"", ""Articles_needing_additional_references_from_November_2021"", ""All_articles_needing_additional_references"", ""Articles_with_short_description"", ""Short_description_is_different_from_Wikidata"", ""Pages_using_multiple_image_with_auto_scaled_images"", ""Coordinates_on_Wikidata"", ""Articles_needing_additional_references_from_September_2022"", ""Articles_containing_Armenian-language_text"", ""Commons_category_link_is_on_Wikidata"", ""Sivas"", ""Provincial_municipalities_in_Turkey"", ""Districts_of_Sivas_Province"", ""Sivas_District""]",,2025-11-29 22:49:52,https://en.wikipedia.org/wiki/Sivas
703,Hejazi turban,en,3964,608,"[""Articles_with_short_description"", ""Short_description_matches_Wikidata"", ""Articles_containing_Arabic-language_text"", ""Pages_with_plain_IPA"", ""CS1_German-language_sources_(de)"", ""Turbans"", ""Islamic_male_clothing"", ""Hejaz"", ""Middle_Eastern_clothing"", ""Arabic_clothing""]",,2025-11-29 22:50:04,https://en.wikipedia.org/wiki/Hejazi_turban
704,(80806) 2000 CM105,en,79150,16624,"[""Articles_with_short_description"", ""Short_description_is_different_from_Wikidata"", ""Lists_of_minor_planets_by_number""]",,2025-11-29 22:50:07,https://en.wikipedia.org/wiki/(80806)_2000_CM105
705,Nihonga,en,10205,1527,"[""CS1_uses_Japanese-language_script_(ja)"", ""CS1_Japanese-language_sources_(ja)"", ""Articles_with_short_description"", ""Short_description_matches_Wikidata"", ""Articles_containing_Japanese-language_text"", ""All_articles_with_unsourced_statements"", ""Articles_with_unsourced_statements_from_June_2020"", ""Commons_category_link_from_Wikidata"", ""Nihonga""]",,2025-11-29 22:50:10,https://en.wikipedia.org/wiki/Nihonga
706,Ancient Mesopotamian religion,en,58489,8505,"[""CS1_maint:_location_missing_publisher"", ""CS1_errors:_ISBN_date"", ""Articles_with_short_description"", ""Short_description_is_different_from_Wikidata"", ""Use_dmy_dates_from_March_2017"", ""All_articles_with_unsourced_statements"", ""Articles_with_unsourced_statements_from_August_2022"", ""Articles_containing_German-language_text"", ""Articles_with_unsourced_statements_from_March_2022"", ""Commons_category_link_is_on_Wikidata"", ""Mesopotamian_religion"", ""Religion_in_ancient_Israel_and_Judah""]",,2025-11-29 22:50:13,https://en.wikipedia.org/wiki/Ancient_Mesopotamian_religion
708,Pietersite,en,3507,434,"[""CS1:_long_volume_value"", ""Articles_with_short_description"", ""Short_description_is_different_from_Wikidata"", ""Chalcedony"", ""All_stub_articles"", ""Rock_stubs""]",,2025-11-29 22:50:35,https://en.wikipedia.org/wiki/Pietersite
710,Mid-ocean ridges,en,35274,4997,"[""CS1_maint:_location_missing_publisher"", ""CS1_errors:_ISBN_date"", ""CS1_maint:_publisher_location"", ""Articles_with_short_description"", ""Short_description_matches_Wikidata"", ""Pages_displaying_short_descriptions_of_redirect_targets_via_Module:Annotated_link"", ""Commons_category_link_from_Wikidata"", ""Oceanic_ridges"", ""Coastal_and_oceanic_landforms"", ""Geological_processes"", ""Oceanographical_terminology"", ""Physical_oceanography"", ""Plate_tectonics"", ""Volcanic_landforms""]",,2025-11-29 22:50:42,https://en.wikipedia.org/wiki/Mid-ocean_ridges
711,Vaud,en,23227,3600,"[""Pages_using_gadget_WikiMiniAtlas"", ""Pages_using_the_Phonos_extension"", ""CS1_German-language_sources_(de)"", ""Articles_containing_German-language_text"", ""Pages_with_German_IPA"", ""Pages_including_recorded_pronunciations"", ""Articles_containing_Arpitan-language_text"", ""Webarchive_template_wayback_links"", ""CS1_French-language_sources_(fr)"", ""CS1_Italian-language_sources_(it)"", ""Articles_with_short_description"", ""Short_description_matches_Wikidata"", ""Use_dmy_dates_from_August_2021"", ""Short_description_is_different_from_Wikidata"", ""Articles_containing_French-language_text"", ""Hidden_templates_using_styles"", ""Coordinates_on_Wikidata"", ""Pages_with_French_IPA"", ""Articles_containing_Latin-language_text"", ""Wikipedia_articles_in_need_of_updating_from_February_2025"", ""All_Wikipedia_articles_in_need_of_updating"", ""Articles_containing_potentially_dated_statements_from_2017"", ""All_articles_containing_potentially_dated_statements"", ""Interlanguage_link_template_existing_link"", ""Articles_containing_potentially_dated_statements_from_2022"", ""Articles_containing_potentially_dated_statements_from_2010"", ""Articles_with_French-language_sources_(fr)"", ""Commons_category_link_from_Wikidata"", ""Wikipedia_articles_incorporating_a_citation_from_the_1911_Encyclopaedia_Britannica_with_Wikisource_reference"", ""Vaud"", ""Cantons_of_Switzerland"", ""Wine_regions_of_Switzerland"", ""Arpitania"", ""1803_establishments_in_Switzerland"", ""States_and_territories_established_in_1803"", ""Pages_using_the_Kartographer_extension""]",,2025-11-29 22:50:48,https://en.wikipedia.org/wiki/Vaud
712,Stephan's Quintet,en,9152,1461,"[""Articles_with_short_description"", ""Short_description_is_different_from_Wikidata"", ""Commons_category_link_is_on_Wikidata"", ""Stephan's_Quintet"", ""Hickson_Compact_Groups"", ""Pegasus_(constellation)"", ""Astronomical_objects_discovered_in_1877"", ""Discoveries_by_\u00c9douard_Stephan""]",,2025-11-29 22:50:54,https://en.wikipedia.org/wiki/Stephan's_Quintet
714,Congress of the Republic of Peru,en,39269,5751,"[""Pages_with_reference_errors"", ""CS1_Spanish-language_sources_(es)"", ""CS1:_long_volume_value"", ""CS1_maint:_multiple_names:_authors_list"", ""Pages_with_duplicate_reference_names"", ""CS1_European_Spanish-language_sources_(es-es)"", ""Pages_using_gadget_WikiMiniAtlas"", ""Articles_with_short_description"", ""Short_description_is_different_from_Wikidata"", ""Use_dmy_dates_from_October_2025"", ""Articles_containing_Spanish-language_text"", ""Articles_to_be_expanded_from_September_2018"", ""All_articles_to_be_expanded"", ""Articles_with_empty_sections_from_September_2018"", ""All_articles_with_empty_sections"", ""Webarchive_template_wayback_links"", ""Coordinates_not_on_Wikidata"", ""Government_of_Peru"", ""National_legislatures"", ""Unicameral_legislatures""]",,2025-11-29 22:51:04,https://en.wikipedia.org/wiki/Congress_of_the_Republic_of_Peru
715,Photographic plates,en,18767,2657,"[""Articles_with_short_description"", ""Short_description_matches_Wikidata"", ""Articles_needing_additional_references_from_July_2019"", ""All_articles_needing_additional_references"", ""All_articles_with_failed_verification"", ""Articles_with_failed_verification_from_April_2016"", ""Commons_category_link_is_on_Wikidata"", ""Photography_equipment"", ""Particle_detectors"", ""X-ray_instrumentation"", ""Medical_imaging"", ""Radiography"", ""Monochrome_photography""]",,2025-11-29 22:51:26,https://en.wikipedia.org/wiki/Photographic_plates
716,Philharmonic Garden,en,1535,229,"[""Articles_with_Azerbaijani-language_sources_(az)"", ""Pages_using_gadget_WikiMiniAtlas"", ""Pages_using_infobox_mapframe_without_shape_links_in_Wikidata"", ""Commons_category_link_is_on_Wikidata"", ""Coordinates_on_Wikidata"", ""Parks_in_Baku"", ""Pages_using_the_Kartographer_extension""]",,2025-11-29 22:51:41,https://en.wikipedia.org/wiki/Philharmonic_Garden
718,Manichaean art,en,15743,2361,"[""CS1_Simplified_Chinese-language_sources_(zh-hans)"", ""Webarchive_template_wayback_links"", ""Articles_with_short_description"", ""Short_description_matches_Wikidata"", ""Articles_containing_explicitly_cited_English-language_text"", ""Manichaean_art"", ""Religious_art""]",,2025-11-29 22:52:00,https://en.wikipedia.org/wiki/Manichaean_art
719,Tomás Taveira,en,7719,1117,"[""Articles_with_Portuguese-language_sources_(pt)"", ""CS1_Portuguese-language_sources_(pt)"", ""CS1_European_Portuguese-language_sources_(pt-pt)"", ""Articles_with_Spanish-language_sources_(es)"", ""Webarchive_template_wayback_links"", ""Articles_with_short_description"", ""Short_description_is_different_from_Wikidata"", ""Wikipedia_indefinitely_semi-protected_pages"", ""Articles_with_hCards"", ""Pages_using_infobox_person_with_deprecated_parameters"", ""1938_births"", ""Living_people"", ""Technical_University_of_Lisbon_alumni"", ""20th-century_Portuguese_architects"", ""21st-century_Portuguese_architects"", ""Sex_scandals_in_Portugal"", ""Sexual_harassment_in_Portugal""]",,2025-11-29 22:52:09,https://en.wikipedia.org/wiki/Tomás_Taveira
720,Aeolic order,en,7713,1128,"[""CS1_Spanish-language_sources_(es)"", ""Articles_with_short_description"", ""Short_description_is_different_from_Wikidata"", ""All_articles_with_unsourced_statements"", ""Articles_with_unsourced_statements_from_January_2021"", ""Articles_with_unsourced_statements_from_September_2020"", ""Ancient_Greek_architecture"", ""Orders_of_columns"", ""Phoenician_architecture""]",,2025-11-29 22:52:11,https://en.wikipedia.org/wiki/Aeolic_order
721,Khyrdalan,en,9051,1265,"[""Pages_using_gadget_WikiMiniAtlas"", ""CS1_Azerbaijani-language_sources_(az)"", ""Articles_with_short_description"", ""Short_description_is_different_from_Wikidata"", ""Pages_using_multiple_image_with_auto_scaled_images"", ""Coordinates_on_Wikidata"", ""Articles_containing_Azerbaijani-language_text"", ""Populated_places_in_Absheron_District""]",,2025-11-29 22:52:15,https://en.wikipedia.org/wiki/Khyrdalan
723,Environment of Spain,en,25293,3892,"[""Source_attribution"", ""CS1_Spanish-language_sources_(es)"", ""Pages_using_gadget_WikiMiniAtlas"", ""Articles_with_short_description"", ""Short_description_is_different_from_Wikidata"", ""All_articles_with_unsourced_statements"", ""Articles_with_unsourced_statements_from_August_2021"", ""Articles_containing_Spanish-language_text"", ""Articles_needing_additional_references_from_May_2024"", ""All_articles_needing_additional_references"", ""Wikipedia_articles_incorporating_text_from_the_World_Factbook"", ""Coordinates_on_Wikidata"", ""Geography_of_Spain""]",,2025-11-29 22:52:20,https://en.wikipedia.org/wiki/Environment_of_Spain
725,Karl Gutzkow,en,8071,1166,"[""Wikipedia_articles_incorporating_a_citation_from_the_Encyclopedia_Americana_with_a_Wikisource_reference"", ""Wikipedia_articles_incorporating_a_citation_from_the_1911_Encyclopaedia_Britannica_with_Wikisource_reference"", ""Wikipedia_articles_incorporating_text_from_the_1911_Encyclop\u00e6dia_Britannica"", ""Articles_containing_German-language_text"", ""Wikipedia_articles_incorporating_a_citation_from_the_New_International_Encyclopedia"", ""CS1_maint:_multiple_names:_authors_list"", ""Articles_with_short_description"", ""Short_description_is_different_from_Wikidata"", ""Use_dmy_dates_from_December_2013"", ""All_articles_with_unsourced_statements"", ""Articles_with_unsourced_statements_from_January_2009"", ""All_articles_with_vague_or_ambiguous_time"", ""Vague_or_ambiguous_time_from_October_2025"", ""Commons_category_link_is_on_Wikidata"", ""CS1_German-language_sources_(de)"", ""Articles_with_Project_Gutenberg_links"", ""Articles_with_Internet_Archive_links"", ""Articles_with_LibriVox_links"", ""German_non-fiction_writers"", ""Humboldt_University_of_Berlin_alumni"", ""University_of_Jena_alumni"", ""Heidelberg_University_alumni"", ""Ludwig_Maximilian_University_of_Munich_alumni"", ""1811_births"", ""1878_deaths"", ""Writers_from_Berlin"", ""Burials_at_Frankfurt_Main_Cemetery"", ""Novelists_from_the_Kingdom_of_Prussia"", ""Dramatists_and_playwrights_from_the_Kingdom_of_Prussia"", ""19th-century_German_novelists"", ""19th-century_German_dramatists_and_playwrights"", ""19th-century_German_male_writers"", ""German_male_non-fiction_writers"", ""German_satirists"", ""German_satirical_novelists""]",,2025-11-29 22:52:31,https://en.wikipedia.org/wiki/Karl_Gutzkow
726,Liberal Imperialists,en,13126,1767,"[""Articles_with_short_description"", ""Short_description_matches_Wikidata"", ""1895_establishments_in_the_United_Kingdom"", ""Political_organizations_established_in_1895"", ""1902_disestablishments_in_the_United_Kingdom"", ""Organizations_disestablished_in_1902"", ""Liberal_Party_(UK)"", ""Political_party_factions_in_the_United_Kingdom"", ""History_of_liberalism"", ""Imperialism"", ""H._H._Asquith"", ""Second_Boer_War"", ""Archibald_Primrose,_5th_Earl_of_Rosebery""]",,2025-11-29 22:52:32,https://en.wikipedia.org/wiki/Liberal_Imperialists
727,Crimean Karaites,en,55474,7892,"[""CS1_maint:_numeric_names:_authors_list"", ""CS1_Turkish-language_sources_(tr)"", ""Webarchive_template_wayback_links"", ""CS1_Russian-language_sources_(ru)"", ""Articles_with_short_description"", ""Short_description_is_different_from_Wikidata"", ""Wikipedia_indefinitely_move-protected_pages"", ""Short_description_matches_Wikidata"", ""\""Related_ethnic_groups\""_needing_confirmation"", ""Articles_using_infobox_ethnic_group_with_image_parameters"", ""Articles_containing_Crimean_Tatar-language_text"", ""All_Wikipedia_articles_needing_clarification"", ""Wikipedia_articles_needing_clarification_from_September_2022"", ""All_articles_with_unsourced_statements"", ""Articles_with_unsourced_statements_from_February_2021"", ""Articles_to_be_expanded_from_March_2020"", ""All_articles_to_be_expanded"", ""Articles_containing_Russian-language_text"", ""Articles_containing_Lithuanian-language_text"", ""Crimean_Karaites"", ""Karaite_Judaism_in_Europe"", ""Turkic_peoples"", ""Khazars"", ""Indigenous_peoples_of_Europe"", ""Indigenous_peoples_of_Ukraine"", ""Ethnic_groups_in_Lithuania"", ""Crimean_Jews"", ""Jewish_ethnic_groups"", ""Ethnoreligious_groups_in_Europe"", ""Ethnic_groups_in_Crimea"", ""Ethnic_groups_divided_by_international_borders""]",,2025-11-29 22:52:40,https://en.wikipedia.org/wiki/Crimean_Karaites
729,East Francia,en,15584,2315,"[""Articles_with_short_description"", ""Short_description_is_different_from_Wikidata"", ""Use_dmy_dates_from_November_2017"", ""Articles_containing_Latin-language_text"", ""Articles_containing_German-language_text"", ""CS1_maint:_location_missing_publisher"", ""Pages_using_Sister_project_links_with_hidden_wikidata"", ""East_Francia"", ""843_establishments"", ""962_disestablishments"", ""9th-century_establishments_in_Europe"", ""10th-century_disestablishments_in_Europe"", ""Former_countries_in_Europe"", ""Former_kingdoms"", ""Medieval_history_of_Austria"", ""Medieval_history_of_Germany"", ""Medieval_history_of_Switzerland"", ""States_and_territories_established_in_the_840s"", ""States_and_territories_disestablished_in_the_960s""]",,2025-11-29 22:53:00,https://en.wikipedia.org/wiki/East_Francia
730,Royal Palace of Milan,en,22663,3523,"[""Pages_using_gadget_WikiMiniAtlas"", ""CS1:_unfit_URL"", ""Articles_with_short_description"", ""Short_description_is_different_from_Wikidata"", ""Coordinates_on_Wikidata"", ""Articles_containing_Italian-language_text"", ""Commons_category_link_is_on_Wikidata"", ""1778_establishments_in_Italy"", ""Houses_completed_in_1778"", ""Museums_in_Milan"", ""Neoclassical_palaces_in_Italy"", ""Palaces_in_Milan"", ""Royal_residences_in_Italy"", ""Neoclassical_architecture_in_Milan"", ""Gonzaga_residences"", ""Contemporary_art_galleries_in_Italy"", ""Louis_XII"", ""Francis_I_of_France"", ""Burned_buildings_and_structures_in_Italy""]",,2025-11-29 22:53:03,https://en.wikipedia.org/wiki/Royal_Palace_of_Milan
731,Alingpo language,en,7314,1011,"[""Webarchive_template_wayback_links"", ""Articles_with_short_description"", ""Short_description_is_different_from_Wikidata"", ""Languages_without_Glottolog_code"", ""Languages_with_neither_ISO_nor_Glottolog_code"", ""Articles_containing_Chinese-language_text"", ""Loloish_languages"", ""Languages_of_Yunnan"", ""All_stub_articles"", ""Sino-Tibetan_language_stubs""]",,2025-11-29 22:53:07,https://en.wikipedia.org/wiki/Alingpo_language
732,Aesthetic Realism,en,47478,7432,"[""Articles_with_short_description"", ""Short_description_is_different_from_Wikidata"", ""Pages_using_gadget_WikiMiniAtlas"", ""Pages_using_infobox_mapframe_with_missing_coordinates"", ""All_articles_with_unsourced_statements"", ""Articles_with_unsourced_statements_from_November_2023"", ""Aesthetic_Realism"", ""Realism_(art_movement)"", ""American_philosophy""]",,2025-11-29 22:53:15,https://en.wikipedia.org/wiki/Aesthetic_Realism
733,Ecliptic north pole,en,5243,847,"[""Articles_with_short_description"", ""Short_description_is_different_from_Wikidata"", ""Use_dmy_dates_from_October_2024"", ""Articles_needing_additional_references_from_January_2021"", ""All_articles_needing_additional_references"", ""All_articles_with_unsourced_statements"", ""Articles_with_unsourced_statements_from_October_2024"", ""Articles_containing_potentially_dated_statements_from_2000"", ""All_articles_containing_potentially_dated_statements"", ""Orbits"", ""Astronomical_coordinate_systems""]",,2025-11-29 22:53:16,https://en.wikipedia.org/wiki/Ecliptic_north_pole
734,Zetes,en,5782,914,"[""All_articles_with_dead_external_links"", ""Articles_with_dead_external_links_from_October_2023"", ""Articles_with_permanently_dead_external_links"", ""Articles_with_short_description"", ""Short_description_is_different_from_Wikidata"", ""Articles_containing_Ancient_Greek_(to_1453)-language_text"", ""Commons_category_link_is_on_Wikidata"", ""Argonauts"", ""Demigods_in_classical_mythology"", ""Characters_in_the_Argonautica"", ""Mythological_Thracians"", ""Brother_duos"", ""Avian_humanoids"", ""Mythological_duos"", ""Children_of_Boreas_(god)"", ""LGBTQ_themes_in_Greek_mythology""]",,2025-11-29 22:53:17,https://en.wikipedia.org/wiki/Zetes
